GLOBALEVENTID,SQLDATE,Actor1Name,AvgTone
749338471,20180420,NEWS CORP,-14.03508772
749424195,20180420,GOOGLE,-13.46153846
749424194,20180420,GOOGLE,-13.46153846
749230922,20180420,GOOGLE,-12.11072664
749450943,20180420,BANK OF AMERICA,-10.89108911
749392707,20180420,AFLAC,-10.71428571
749392705,20180420,AFLAC,-10.71428571
749297370,20180420,GOOGLE,-9.659090909
749463605,20180420,STARBUCKS,-9.483960948
749250482,20180420,BANK OF AMERICA,-9.072580645
749491194,20180420,WALGREEN,-9.009009009
749297366,20180420,DELTA AIR LINES,-8.571428571
749220222,20180420,BOEING,-8.227848101
749318194,20180420,GOOGLE,-8.084824387
749256062,20180420,WELLS FARGO,-8.076009501
749280513,20180420,GOOGLE,-7.949790795
749412623,20180420,WELLS FARGO,-7.213930348
749400608,20180420,WELLS FARGO,-7.142857143
749461801,20180420,WELLS FARGO,-7.086614173
749250464,20180420,BUFFALO WILD WINGS,-7.086614173
749461802,20180420,WELLS FARGO,-7.086614173
749457972,20180420,MOTOROLA,-7.06057737
749457974,20180420,MOTOROLA,-7.06057737
749457973,20180420,MOTOROLA,-7.06057737
749457971,20180420,MOTOROLA,-7.06057737
749297365,20180420,BOEING,-6.976744186
749488115,20180420,ACTIVISION BLIZZARD,-6.906906907
749222793,20180420,GOOGLE,-6.862745098
749222797,20180420,GOOGLE,-6.862745098
749305381,20180420,GENERAL ELECTRIC,-6.741573034
749282638,20180420,GOOGLE,-6.711409396
749282639,20180420,GOOGLE,-6.711409396
749380340,20180420,STARBUCKS,-6.666666667
749380339,20180420,STARBUCKS,-6.666666667
749380335,20180420,STARBUCKS,-6.666666667
749373525,20180420,STARBUCKS,-6.628787879
749373538,20180420,STARBUCKS,-6.628787879
749373536,20180420,STARBUCKS,-6.628787879
749373530,20180420,STARBUCKS,-6.628787879
749373539,20180420,STARBUCKS,-6.628787879
749373526,20180420,STARBUCKS,-6.628787879
749300024,20180420,BOEING,-6.603773585
749349835,20180420,NETFLIX,-6.603773585
749365268,20180420,BANK OF AMERICA,-6.593406593
749365263,20180420,BANK OF AMERICA,-6.593406593
749443666,20180420,EXXON,-6.564551422
749443667,20180420,EXXON,-6.564551422
749461803,20180420,MOTOROLA,-6.560283688
749386850,20180420,GOOGLE,-6.45994832
749386851,20180420,GOOGLE,-6.45994832
749230903,20180420,STARBUCKS,-6.443914081
749230902,20180420,STARBUCKS,-6.443914081
749230901,20180420,STARBUCKS,-6.443914081
749373544,20180420,GOOGLE,-6.439393939
749463598,20180420,MICROSOFT,-6.424581006
749326751,20180420,BOEING,-6.367041199
749402646,20180420,WELLS FARGO,-6.315789474
749431631,20180420,WELLS FARGO,-6.198347107
749318197,20180420,GOOGLE,-6.190975866
749318195,20180420,GOOGLE,-6.190975866
749476342,20180420,SOUTHWEST AIRLINES,-6.12244898
749479633,20180420,WALGREEN,-6.043956044
749479634,20180420,WALGREEN,-6.043956044
749342173,20180420,STARBUCKS,-6.008583691
749342174,20180420,STARBUCKS,-6.008583691
749435555,20180420,WELLS FARGO,-6
749435556,20180420,WELLS FARGO,-6
749258910,20180420,BOEING,-5.97826087
749307587,20180420,MERRILL LYNCH,-5.925925926
749207527,20180420,QUALCOMM,-5.909797823
749260203,20180420,GOOGLE,-5.882352941
749380329,20180420,STARBUCKS,-5.855161787
749303555,20180420,US AIRWAYS,-5.844155844
749267341,20180420,STARBUCKS,-5.810397554
749267340,20180420,STARBUCKS,-5.810397554
749394821,20180420,SOUTHWEST AIRLINES,-5.693950178
749488124,20180420,BOEING,-5.660377358
749452545,20180420,BOEING,-5.633802817
749305383,20180420,BOEING,-5.592841163
749305382,20180420,BOEING,-5.592841163
749217974,20180420,WELLS FARGO,-5.583756345
749463604,20180420,STARBUCKS,-5.544147844
749276278,20180420,BOEING,-5.529953917
749483687,20180420,VERIZON,-5.494505495
749264684,20180420,WELLS FARGO,-5.409836066
749443673,20180420,QUALCOMM,-5.338078292
749326752,20180420,BOEING,-5.324074074
749373533,20180420,STARBUCKS,-5.319148936
749465156,20180420,VERIZON,-5.30726257
749476347,20180420,GOOGLE,-5.298913043
749476348,20180420,GOOGLE,-5.298913043
749416457,20180420,VERIZON,-5.281285878
749416458,20180420,VERIZON,-5.281285878
749277672,20180420,GOOGLE,-5.273566249
749277671,20180420,GOOGLE,-5.273566249
749435544,20180420,BOEING,-5.244755245
749435551,20180420,SOUTHWEST AIRLINES,-5.244755245
749435545,20180420,BOEING,-5.244755245
749491193,20180420,MONSANTO,-5.221518987
749491192,20180420,MONSANTO,-5.221518987
749439680,20180420,STARBUCKS,-5.21978022
749328482,20180420,BOEING,-5.208333333
749328481,20180420,BOEING,-5.208333333
749244272,20180420,STARBUCKS,-5.186972256
749277668,20180420,GOOGLE,-5.166051661
749277669,20180420,GOOGLE,-5.166051661
751153957,20180420,SOUTHWEST AIRLINES,-5.161290323
749488126,20180420,SOUTHWEST AIRLINES,-5.149501661
749398616,20180420,BOEING,-5.147058824
749406670,20180420,WELLS FARGO,-5.120481928
749406669,20180420,WELLS FARGO,-5.120481928
749404758,20180420,WELLS FARGO,-5.108359133
749404760,20180420,WELLS FARGO,-5.108359133
749355994,20180420,GOOGLE,-4.977375566
749250460,20180420,STARBUCKS,-4.953560372
749250462,20180420,STARBUCKS,-4.953560372
749373546,20180420,GOOGLE,-4.915254237
749470493,20180420,STARBUCKS,-4.90797546
749470498,20180420,SOUTHWEST AIRLINES,-4.891304348
749470500,20180420,SOUTHWEST AIRLINES,-4.891304348
749443661,20180420,SOUTHWEST AIRLINES,-4.87804878
749207494,20180420,STARBUCKS,-4.849660524
749207493,20180420,STARBUCKS,-4.849660524
749207492,20180420,STARBUCKS,-4.849660524
749207498,20180420,STARBUCKS,-4.849660524
749476344,20180420,BOEING,-4.823151125
749476345,20180420,BOEING,-4.823151125
749288879,20180420,GOOGLE,-4.801670146
749222802,20180420,QUALCOMM,-4.8
749384763,20180420,GOOGLE,-4.790734404
749384766,20180420,GOOGLE,-4.790734404
749384764,20180420,GOOGLE,-4.790734404
749384767,20180420,GOOGLE,-4.790734404
749359779,20180420,LOCKHEED MARTIN,-4.777070064
749482030,20180420,GOOGLE,-4.764991896
749482028,20180420,GOOGLE,-4.764991896
749482029,20180420,GOOGLE,-4.764991896
749342178,20180420,QUALCOMM,-4.705882353
749342179,20180420,QUALCOMM,-4.705882353
749463601,20180420,WELLS FARGO,-4.702194357
749318191,20180420,GOOGLE,-4.701102728
749318190,20180420,GOOGLE,-4.695996045
749322423,20180420,GOOGLE,-4.664723032
749479635,20180420,GOOGLE,-4.617414248
749479629,20180420,PEPSICO,-4.617414248
749448982,20180420,VERIZON,-4.60704607
749338470,20180420,QUALCOMM,-4.589371981
749354049,20180420,MICROSOFT,-4.585798817
749354048,20180420,MICROSOFT,-4.585798817
749361654,20180420,GOOGLE,-4.532248693
749361655,20180420,GOOGLE,-4.532248693
749361656,20180420,GOOGLE,-4.532248693
749454616,20180420,STARBUCKS,-4.50928382
749373552,20180420,QUALCOMM,-4.502369668
749314046,20180420,MICROSOFT,-4.501607717
749314047,20180420,MICROSOFT,-4.501607717
749314045,20180420,MICROSOFT,-4.501607717
749207519,20180420,WELLS FARGO,-4.491725768
749207513,20180420,BOEING,-4.491725768
749207518,20180420,WELLS FARGO,-4.491725768
749301648,20180420,GOOGLE,-4.483695652
749457970,20180420,LOCKHEED MARTIN,-4.43285528
749297371,20180420,GOOGLE,-4.424778761
749491191,20180420,CITIGROUP,-4.375
749491190,20180420,CITIGROUP,-4.375
749463608,20180420,GOOGLE,-4.368932039
749463606,20180420,GOOGLE,-4.368932039
749463607,20180420,GOOGLE,-4.368932039
749392719,20180420,GOOGLE,-4.353233831
749207511,20180420,STARBUCKS,-4.322621407
749207507,20180420,STARBUCKS,-4.322621407
749230909,20180420,QUALCOMM,-4.242424242
749230910,20180420,QUALCOMM,-4.242424242
749230923,20180420,QUALCOMM,-4.242424242
749354053,20180420,BANK OF AMERICA,-4.22832981
749354050,20180420,BANK OF AMERICA,-4.22832981
749207524,20180420,DELTA AIR LINES,-4.223424384
749207523,20180420,DELTA AIR LINES,-4.223424384
749441487,20180420,SOUTHWEST AIRLINES,-4.207920792
749217979,20180420,STARBUCKS,-4.184829991
749318187,20180420,STARBUCKS,-4.176904177
749207525,20180420,GOOGLE,-4.14507772
749277673,20180420,GOOGLE,-4.134165367
749277674,20180420,GOOGLE,-4.134165367
749234603,20180420,STARBUCKS,-4.118993135
749450928,20180420,LAMAR ADVERTISING COMPANY,-4.109589041
749241163,20180420,SOUTHWEST AIRLINES,-4.081632653
749250475,20180420,BOEING,-4.081632653
749250472,20180420,BOEING,-4.081632653
749250476,20180420,BOEING,-4.081632653
749250474,20180420,BOEING,-4.081632653
749250471,20180420,BOEING,-4.081632653
749241161,20180420,DELTA AIR LINES,-4.03551251
749241162,20180420,DELTA AIR LINES,-4.03551251
749241159,20180420,DELTA AIR LINES,-4.03551251
749349838,20180420,LOCKHEED MARTIN,-4.021447721
749309808,20180420,SOUTHWEST AIRLINES,-4.012841091
749365264,20180420,STARBUCKS,-4.011461318
749365269,20180420,STARBUCKS,-4.011461318
749222771,20180420,BLACKROCK,-4
749222791,20180420,BLACKROCK,-4
749230895,20180420,WELLS FARGO,-3.969270166
749227194,20180420,BOEING,-3.95480226
749227193,20180420,BOEING,-3.95480226
749309807,20180420,BOEING,-3.878116343
749256060,20180420,SOUTHWEST AIRLINES,-3.872437358
749256061,20180420,SOUTHWEST AIRLINES,-3.872437358
749298650,20180420,MICROSOFT,-3.867403315
749222796,20180420,DELTA AIR LINES,-3.858892749
749222795,20180420,DELTA AIR LINES,-3.858892749
749222787,20180420,BOEING,-3.858892749
749431629,20180420,STARBUCKS,-3.853046595
749380336,20180420,SOUTHWEST AIRLINES,-3.839590444
749207509,20180420,BOEING,-3.835711467
749250488,20180420,QUALCOMM,-3.833865815
749427884,20180420,GOOGLE,-3.827956989
749427878,20180420,PEPSICO,-3.827956989
749227192,20180420,SOUTHWEST AIRLINES,-3.816793893
749217972,20180420,SOUTHWEST AIRLINES,-3.770351328
749217971,20180420,SOUTHWEST AIRLINES,-3.770351328
749272286,20180420,GOOGLE,-3.716216216
749272281,20180420,GOOGLE,-3.716216216
749222769,20180420,STARBUCKS,-3.700787402
749222770,20180420,STARBUCKS,-3.700787402
749222773,20180420,STARBUCKS,-3.694581281
749222778,20180420,STARBUCKS,-3.694581281
749222790,20180420,STARBUCKS,-3.694581281
749222774,20180420,STARBUCKS,-3.694581281
749222777,20180420,STARBUCKS,-3.694581281
749402644,20180420,MATTEL,-3.669724771
749402645,20180420,MATTEL,-3.669724771
749346208,20180420,SOUTHWEST AIRLINES,-3.66894198
749227198,20180420,GOOGLE,-3.667481663
749361646,20180420,MICROSOFT,-3.65535248
749207515,20180420,MONSANTO,-3.64298725
749334583,20180420,NORTHROP GRUMMAN,-3.608247423
749234609,20180420,GOOGLE,-3.606557377
749234607,20180420,GOOGLE,-3.606557377
749280503,20180420,STARBUCKS,-3.596559812
749280511,20180420,STARBUCKS,-3.596559812
749234596,20180420,CITIGROUP,-3.589108911
749234595,20180420,CITIGROUP,-3.589108911
749227185,20180420,STARBUCKS,-3.566121842
749227187,20180420,STARBUCKS,-3.566121842
749227188,20180420,STARBUCKS,-3.566121842
749227189,20180420,STARBUCKS,-3.566121842
749227186,20180420,STARBUCKS,-3.566121842
749485641,20180420,GOOGLE,-3.539823009
749485642,20180420,GOOGLE,-3.539823009
749467030,20180420,GOOGLE,-3.529411765
749217984,20180420,STARBUCKS,-3.47826087
749400611,20180420,GOOGLE,-3.47826087
749472721,20180420,STARBUCKS,-3.456221198
749244266,20180420,STARBUCKS,-3.456221198
749472727,20180420,STARBUCKS,-3.456221198
749244273,20180420,STARBUCKS,-3.456221198
749207501,20180420,WELLS FARGO,-3.448275862
749207502,20180420,WELLS FARGO,-3.448275862
749349839,20180420,STARBUCKS,-3.448275862
749318193,20180420,GOOGLE,-3.413654618
749232601,20180420,STARBUCKS,-3.401360544
749247276,20180420,WELLS FARGO,-3.39869281
749301650,20180420,GOOGLE,-3.38028169
749301651,20180420,GOOGLE,-3.38028169
749264689,20180420,PFIZER,-3.349875931
749264688,20180420,PFIZER,-3.349875931
749247278,20180420,STARBUCKS,-3.347889374
749365265,20180420,MICROSOFT,-3.342618384
749237921,20180420,GOOGLE,-3.33863275
749237922,20180420,GOOGLE,-3.33863275
749435539,20180420,STARBUCKS,-3.309352518
749298652,20180420,BOEING,-3.296703297
749318192,20180420,GOOGLE,-3.2960199
749459896,20180420,BOEING,-3.264925373
749459893,20180420,BOEING,-3.264925373
749459892,20180420,BOEING,-3.264925373
749459895,20180420,BOEING,-3.264925373
749459894,20180420,BOEING,-3.264925373
749247285,20180420,GOOGLE,-3.264812576
749361647,20180420,PFIZER,-3.259604191
749450933,20180420,NETFLIX,-3.254972875
749400610,20180420,GOOGLE,-3.243243243
749342175,20180420,APPLE INC,-3.231017771
749285910,20180420,GOOGLE,-3.168567807
749285912,20180420,GOOGLE,-3.168567807
749285913,20180420,GOOGLE,-3.168567807
749285914,20180420,GOOGLE,-3.168567807
749326760,20180420,QUALCOMM,-3.154574132
749222783,20180420,MATTEL,-3.149606299
749222800,20180420,GOOGLE,-3.149606299
749280508,20180420,STARBUCKS,-3.149606299
749230890,20180420,STARBUCKS,-3.134635149
749230891,20180420,STARBUCKS,-3.134635149
749230905,20180420,STARBUCKS,-3.134635149
749322411,20180420,EXXON MOBIL,-3.121474238
749301653,20180420,QUALCOMM,-3.115264798
749217978,20180420,WELLS FARGO,-3.105590062
749217973,20180420,WELLS FARGO,-3.105590062
749305380,20180420,EXXON,-3.095975232
749501183,20180420,GOOGLE,-3.073770492
749501184,20180420,GOOGLE,-3.073770492
749250487,20180420,QUALCOMM,-3.069053708
749416454,20180420,GOOGLE,-3.068951774
749301652,20180420,QUALCOMM,-3.058103976
749479631,20180420,SOUTHWEST AIRLINES,-3.052503053
749212539,20180420,GOOGLE,-3.052064632
749212536,20180420,GOOGLE,-3.052064632
749288877,20180420,GOOGLE,-3.047619048
749288882,20180420,GOOGLE,-3.047619048
749212520,20180420,STARBUCKS,-3.043968433
749212534,20180420,STARBUCKS,-3.043968433
749212532,20180420,STARBUCKS,-3.043968433
749212528,20180420,STARBUCKS,-3.043968433
749212529,20180420,STARBUCKS,-3.043968433
749212535,20180420,STARBUCKS,-3.043968433
749212525,20180420,STARBUCKS,-3.043968433
749207503,20180420,STARBUCKS,-3.043478261
749236063,20180420,SOUTHWEST AIRLINES,-3.03030303
749373534,20180420,STARBUCKS,-3.017138063
749373524,20180420,STARBUCKS,-3.013392857
749373535,20180420,STARBUCKS,-3.013392857
749373527,20180420,STARBUCKS,-3.013392857
749369117,20180420,ALLERGAN INC,-3.010033445
749250489,20180420,GOOGLE,-2.998236332
749416456,20180420,GOOGLE,-2.972399151
749416455,20180420,GOOGLE,-2.972399151
749416460,20180420,GOOGLE,-2.972399151
749416459,20180420,GOOGLE,-2.972399151
749485617,20180420,WELLS FARGO,-2.97029703
749501181,20180420,WELLS FARGO,-2.96735905
749295114,20180420,QUALCOMM,-2.958579882
749443671,20180420,GOOGLE,-2.956099713
749443672,20180420,GOOGLE,-2.956099713
749422305,20180420,QUALCOMM,-2.949852507
749422304,20180420,QUALCOMM,-2.949852507
749212531,20180420,STARBUCKS,-2.945817991
749212530,20180420,STARBUCKS,-2.945817991
749207514,20180420,BOEING,-2.941176471
749291902,20180420,STARBUCKS,-2.929292929
749412625,20180420,DISNEY,-2.917442582
749412624,20180420,DISNEY,-2.917442582
749301643,20180420,MICROSOFT,-2.9143898
749217976,20180420,MICROSOFT,-2.906976744
749230898,20180420,STARBUCKS,-2.90362047
749330382,20180420,GOOGLE,-2.88153682
749330386,20180420,GOOGLE,-2.88153682
749330385,20180420,GOOGLE,-2.88153682
749330384,20180420,GOOGLE,-2.88153682
749330380,20180420,GOOGLE,-2.88153682
749330387,20180420,GOOGLE,-2.88153682
749485625,20180420,SUNTRUST BANKS,-2.878916173
749485627,20180420,SUNTRUST BANKS,-2.878916173
749485626,20180420,SUNTRUST BANKS,-2.878916173
749485628,20180420,SUNTRUST BANKS,-2.878916173
749376026,20180420,NETFLIX,-2.868852459
749357852,20180420,STARBUCKS,-2.857142857
749241160,20180420,STARBUCKS,-2.852049911
749443668,20180420,GOOGLE,-2.840909091
749443670,20180420,GOOGLE,-2.840909091
749241164,20180420,STARBUCKS,-2.834008097
749234610,20180420,GOOGLE,-2.816901408
749264693,20180420,DELTA AIR LINES,-2.811860941
749230911,20180420,GOOGLE,-2.81030445
749230924,20180420,GOOGLE,-2.81030445
749230907,20180420,GOOGLE,-2.81030445
749230927,20180420,GOOGLE,-2.81030445
749230925,20180420,GOOGLE,-2.81030445
749502451,20180420,GOOGLE,-2.797202797
749250486,20180420,QUALCOMM,-2.787456446
749443649,20180420,RAYTHEON,-2.784684237
749443648,20180420,RAYTHEON,-2.784684237
749485623,20180420,COCA COLA,-2.783300199
749485633,20180420,COCA COLA,-2.783300199
749485631,20180420,COCA COLA,-2.783300199
749380331,20180420,MICROSOFT,-2.762430939
749272276,20180420,STARBUCKS,-2.758132956
749272273,20180420,STARBUCKS,-2.758132956
749298647,20180420,XEROX,-2.755905512
749298648,20180420,XEROX,-2.755905512
749258911,20180420,BOEING,-2.750665484
749476341,20180420,STARBUCKS,-2.750491159
749476340,20180420,STARBUCKS,-2.750491159
749207499,20180420,STARBUCKS,-2.737226277
749207491,20180420,STARBUCKS,-2.737226277
749207512,20180420,STARBUCKS,-2.737226277
749207497,20180420,STARBUCKS,-2.737226277
749222785,20180420,STARBUCKS,-2.712348323
749222780,20180420,STARBUCKS,-2.712348323
749222784,20180420,STARBUCKS,-2.712348323
749222779,20180420,STARBUCKS,-2.712348323
749234602,20180420,SOUTHWEST AIRLINES,-2.682926829
749485630,20180420,WELLS FARGO,-2.671755725
749485632,20180420,WELLS FARGO,-2.671755725
749207506,20180420,STARBUCKS,-2.659574468
749207505,20180420,STARBUCKS,-2.659574468
749501178,20180420,SOUTHWEST AIRLINES,-2.650811567
749431633,20180420,STARBUCKS,-2.641232575
749239290,20180420,BOEING,-2.621722846
749354045,20180420,SOUTHWEST AIRLINES,-2.614379085
749227191,20180420,FORD MOTOR,-2.612481858
749227195,20180420,ABBOTT LABORATORIES,-2.612481858
749236062,20180420,STARBUCKS,-2.602230483
749227201,20180420,GOOGLE,-2.586206897
749227200,20180420,GOOGLE,-2.586206897
749277670,20180420,GOOGLE,-2.541436464
749457968,20180420,BOEING,-2.534854246
749457969,20180420,BOEING,-2.534854246
749467028,20180420,GOOGLE,-2.532286655
749467034,20180420,GOOGLE,-2.532286655
749288866,20180420,MICROSOFT,-2.5
749288865,20180420,MICROSOFT,-2.5
749288867,20180420,MICROSOFT,-2.5
749501179,20180420,STARBUCKS,-2.495201536
749349840,20180420,STARBUCKS,-2.489270386
749322415,20180420,SOUTHWEST AIRLINES,-2.486402486
749318196,20180420,GOOGLE,-2.463549522
749280502,20180420,NETFLIX,-2.461538462
749280505,20180420,NETFLIX,-2.461538462
749314048,20180420,QUALCOMM,-2.460850112
749326756,20180420,BOEING,-2.443991853
749501182,20180420,MICROSOFT,-2.434077079
749237919,20180420,GOOGLE,-2.413793103
749435553,20180420,SOUTHWEST AIRLINES,-2.389705882
749392718,20180420,QUALCOMM,-2.375296912
749474582,20180420,WELLS FARGO,-2.368421053
749412629,20180420,STARBUCKS,-2.358490566
749412628,20180420,STARBUCKS,-2.358490566
749351889,20180420,QUALCOMM,-2.34375
749256057,20180420,XEROX,-2.325581395
749256058,20180420,XEROX,-2.325581395
749346202,20180420,MICROSOFT,-2.325581395
749318189,20180420,GOOGLE,-2.32303392
749318198,20180420,GOOGLE,-2.32303392
749427876,20180420,WELLS FARGO,-2.306079665
749427870,20180420,WELLS FARGO,-2.306079665
749427875,20180420,WELLS FARGO,-2.306079665
749427882,20180420,WELLS FARGO,-2.306079665
749427877,20180420,WELLS FARGO,-2.306079665
749427883,20180420,WELLS FARGO,-2.306079665
749427881,20180420,WELLS FARGO,-2.306079665
749247273,20180420,APPLE INC,-2.280701754
749365267,20180420,STARBUCKS,-2.279069767
749365266,20180420,STARBUCKS,-2.279069767
749380341,20180420,GOOGLE,-2.276559865
749435541,20180420,STARBUCKS,-2.27027027
749285907,20180420,MONSANTO,-2.263374486
749247275,20180420,BON TON STORES,-2.255639098
749247282,20180420,BON TON STORES,-2.255639098
749250478,20180420,SOUTHWEST AIRLINES,-2.247191011
749250477,20180420,SOUTHWEST AIRLINES,-2.247191011
749250469,20180420,SOUTHWEST AIRLINES,-2.247191011
749250470,20180420,SOUTHWEST AIRLINES,-2.247191011
749450929,20180420,LAMAR ADVERTISING COMPANY,-2.247191011
749450930,20180420,LAMAR ADVERTISING COMPANY,-2.247191011
749272278,20180420,WELLS FARGO,-2.244897959
749326761,20180420,GOOGLE,-2.23880597
749365275,20180420,GOOGLE,-2.23880597
749234606,20180420,COMCAST,-2.228976697
749234605,20180420,COMCAST,-2.228976697
749234612,20180420,COMCAST,-2.228976697
749424193,20180420,GOOGLE,-2.226720648
749424192,20180420,VERIZON,-2.226720648
749261869,20180420,LOCKHEED MARTIN,-2.220324509
749261868,20180420,LOCKHEED MARTIN,-2.220324509
749222767,20180420,EXXON,-2.188940092
749355993,20180420,MORGAN STANLEY,-2.162162162
749431636,20180420,PHILIP MORRIS,-2.158273381
749485637,20180420,PFIZER,-2.150537634
749485636,20180420,PFIZER,-2.150537634
749485635,20180420,PFIZER,-2.150537634
749485638,20180420,PFIZER,-2.150537634
749485640,20180420,PFIZER,-2.150537634
749485639,20180420,PFIZER,-2.150537634
749282628,20180420,STARBUCKS,-2.143950995
749424190,20180420,SOUTHWEST AIRLINES,-2.123552124
749424189,20180420,SOUTHWEST AIRLINES,-2.123552124
749224998,20180420,BOEING,-2.076677316
749380332,20180420,MATTEL,-2.06733609
749495715,20180420,SOUTHWEST AIRLINES,-2.064220183
749247272,20180420,SOUTHWEST AIRLINES,-2.034664657
749247280,20180420,BOEING,-2.034664657
749247281,20180420,BOEING,-2.034664657
749322418,20180420,GOOGLE,-2.03125
749207508,20180420,BOEING,-2.005012531
749298651,20180420,MICROSOFT,-1.997905958
749439677,20180420,CITIGROUP,-1.991150442
749439676,20180420,CITIGROUP,-1.991150442
749439678,20180420,CITIGROUP,-1.991150442
749338456,20180420,STARBUCKS,-1.985559567
749338464,20180420,STARBUCKS,-1.985559567
749298649,20180420,STARBUCKS,-1.981230448
749472722,20180420,STARBUCKS,-1.960784314
749230920,20180420,QUALCOMM,-1.958650707
749488129,20180420,GOOGLE,-1.930501931
749488128,20180420,GOOGLE,-1.930501931
749498706,20180420,GOOGLE,-1.902748414
749439686,20180420,GOOGLE,-1.89701897
749439690,20180420,GOOGLE,-1.89701897
749493018,20180420,STARBUCKS,-1.891891892
749250479,20180420,BOEING,-1.879699248
749250480,20180420,BOEING,-1.879699248
749212518,20180420,STARBUCKS,-1.874196298
749373537,20180420,BANK OF AMERICA,-1.866666667
749230896,20180420,WELLS FARGO,-1.851851852
749309810,20180420,STARBUCKS,-1.821493625
749212538,20180420,GOOGLE,-1.815642458
749470502,20180420,GOOGLE,-1.80878553
749470504,20180420,GOOGLE,-1.80878553
749346204,20180420,BLACKROCK,-1.806451613
749485618,20180420,VIACOM,-1.805054152
749443658,20180420,MICROSOFT,-1.798561151
749437584,20180420,BOEING,-1.792114695
749342171,20180420,STARBUCKS,-1.792114695
749463593,20180420,NETFLIX,-1.785714286
749463595,20180420,NETFLIX,-1.785714286
749338460,20180420,WELLS FARGO,-1.782178218
749435550,20180420,NETFLIX,-1.776900296
749467014,20180420,MATTEL,-1.771554753
749467018,20180420,MATTEL,-1.771554753
749467015,20180420,MATTEL,-1.771554753
749467017,20180420,MATTEL,-1.771554753
749346209,20180420,STARBUCKS,-1.771117166
749346205,20180420,STARBUCKS,-1.771117166
749326753,20180420,WELLS FARGO,-1.769911504
749207521,20180420,GOOGLE,-1.748251748
749346206,20180420,WELLS FARGO,-1.748251748
749275113,20180420,XEROX,-1.747815231
749275115,20180420,XEROX,-1.747815231
749373542,20180420,WELLS FARGO,-1.707779886
749373532,20180420,WELLS FARGO,-1.707779886
749373541,20180420,WELLS FARGO,-1.707779886
749454627,20180420,GOOGLE,-1.683937824
749454615,20180420,MICROSOFT,-1.683937824
749373545,20180420,GOOGLE,-1.678657074
749273794,20180420,GOOGLE,-1.660516605
749273793,20180420,GOOGLE,-1.660516605
749396716,20180420,QUALCOMM,-1.607717042
749357857,20180420,WELLS FARGO,-1.607142857
749357856,20180420,WELLS FARGO,-1.607142857
749357855,20180420,WELLS FARGO,-1.607142857
749482021,20180420,BOEING,-1.6
749482020,20180420,BOEING,-1.6
749369119,20180420,GOOGLE,-1.582417582
749439675,20180420,BOEING,-1.581027668
749439674,20180420,BOEING,-1.581027668
749326755,20180420,BOEING,-1.557632399
749291900,20180420,CITIGROUP,-1.550387597
749470495,20180420,GENERAL ELECTRIC,-1.515151515
749470496,20180420,GENERAL ELECTRIC,-1.515151515
749207510,20180420,SOUTHWEST AIRLINES,-1.509433962
749424185,20180420,MORGAN STANLEY,-1.497933884
749230904,20180420,SOUTHWEST AIRLINES,-1.495726496
749443665,20180420,WELLS FARGO,-1.473684211
749443664,20180420,WELLS FARGO,-1.473684211
749320389,20180420,GOOGLE,-1.461038961
749450949,20180420,GOOGLE,-1.461038961
749338463,20180420,SOUTHWEST AIRLINES,-1.454545455
749412626,20180420,MATTEL,-1.453488372
749326754,20180420,MORGAN STANLEY,-1.446280992
749326759,20180420,GOOGLE,-1.446280992
749267346,20180420,GOOGLE,-1.443569554
749267347,20180420,GOOGLE,-1.443569554
749267344,20180420,GOOGLE,-1.443569554
749267342,20180420,GOOGLE,-1.443569554
749267345,20180420,GOOGLE,-1.443569554
749267343,20180420,GOOGLE,-1.443569554
749222786,20180420,SOUTHWEST AIRLINES,-1.441677588
749222788,20180420,SOUTHWEST AIRLINES,-1.441677588
749222789,20180420,SOUTHWEST AIRLINES,-1.441677588
749256063,20180420,GOOGLE,-1.41955836
749285915,20180420,GOOGLE,-1.419354839
749273792,20180420,GOOGLE,-1.413427562
749470497,20180420,MGM RESORTS,-1.404212638
749470501,20180420,MGM RESORTS,-1.404212638
749470499,20180420,MGM RESORTS,-1.404212638
749250458,20180420,STARBUCKS,-1.404056162
749250485,20180420,STARBUCKS,-1.404056162
749250457,20180420,STARBUCKS,-1.404056162
749250465,20180420,STARBUCKS,-1.404056162
749250466,20180420,STARBUCKS,-1.404056162
749280507,20180420,EXXON,-1.392111369
749253342,20180420,VALERO ENERGY,-1.379310345
749431635,20180420,CONOCOPHILLIPS,-1.366120219
749427871,20180420,STARBUCKS,-1.358695652
749250467,20180420,WHITE MOUNTAINS INSURANCE GROUP,-1.35301353
749250468,20180420,WHITE MOUNTAINS INSURANCE GROUP,-1.35301353
749386852,20180420,GOOGLE,-1.347708895
749355992,20180420,GOLDMAN SACHS,-1.302931596
749207496,20180420,SOUTHWEST AIRLINES,-1.291989664
749207495,20180420,SOUTHWEST AIRLINES,-1.291989664
749498705,20180420,BRISTOL MYERS SQUIBB,-1.271676301
749237913,20180420,WELLS FARGO,-1.265822785
749257456,20180420,NETFLIX,-1.25
749416449,20180420,STARBUCKS,-1.233721727
749495726,20180420,VERIZON,-1.230769231
749351888,20180420,GOOGLE,-1.206896552
749230893,20180420,NETFLIX,-1.203723891
749230892,20180420,NETFLIX,-1.203723891
749280509,20180420,BANK OF AMERICA,-1.2
749280504,20180420,BANK OF AMERICA,-1.2
749217980,20180420,SOUTHWEST AIRLINES,-1.164021164
749217981,20180420,SOUTHWEST AIRLINES,-1.164021164
749217982,20180420,SOUTHWEST AIRLINES,-1.164021164
749424184,20180420,MORGAN STANLEY,-1.162790698
749459897,20180420,GOOGLE,-1.155624037
749459900,20180420,GOOGLE,-1.155624037
749207526,20180420,GOOGLE,-1.132602557
749207520,20180420,GOOGLE,-1.132602557
749450945,20180420,STARBUCKS,-1.123286835
749485615,20180420,MICROSOFT,-1.1215409
749234600,20180420,STARBUCKS,-1.10701107
749234604,20180420,STARBUCKS,-1.10701107
749463596,20180420,BOEING,-1.098901099
749463594,20180420,BOEING,-1.098901099
749426111,20180420,BOEING,-1.098901099
749463603,20180420,SOUTHWEST AIRLINES,-1.098901099
749288880,20180420,GOOGLE,-1.092896175
749288881,20180420,GOOGLE,-1.092896175
749212527,20180420,STARBUCKS,-1.089918256
749485619,20180420,MORGAN STANLEY,-1.084598698
749250473,20180420,SOUTHWEST AIRLINES,-1.082543978
749472729,20180420,GOOGLE,-1.081081081
749439673,20180420,WELLS FARGO,-1.066828637
749488120,20180420,NETFLIX,-1.056527189
749443651,20180420,WELLS FARGO,-1.05055626
749420464,20180420,QUALCOMM,-1.044386423
749420455,20180420,NVIDIA,-1.044386423
749373529,20180420,BOEING,-1.039861352
749450931,20180420,WELLS FARGO,-1.037233293
749424177,20180420,BOEING,-1.036222416
749424179,20180420,BOEING,-1.036222416
749324708,20180420,GOLDMAN SACHS,-1.030927835
749495729,20180420,GOOGLE,-1.022494888
749495737,20180420,GOOGLE,-1.022494888
749495735,20180420,GOOGLE,-1.022494888
749495734,20180420,GOOGLE,-1.022494888
749495736,20180420,GOOGLE,-1.022494888
749495728,20180420,GOOGLE,-1.022494888
749212524,20180420,WELLS FARGO,-1.001204007
749431637,20180420,GOOGLE,-0.99009901
749287330,20180420,MATTEL,-0.97323601
749280510,20180420,MICROSOFT,-0.955414013
749470506,20180420,GOOGLE,-0.954400848
749501185,20180420,GOOGLE,-0.935550936
749431632,20180420,STARBUCKS,-0.932400932
749431639,20180420,GOOGLE,-0.932400932
749491189,20180420,GENERAL ELECTRIC,-0.917431193
749491188,20180420,GENERAL ELECTRIC,-0.917431193
749277667,20180420,NEWS CORP,-0.913242009
749277666,20180420,NEWS CORP,-0.913242009
749344120,20180420,MONSANTO,-0.909090909
749344127,20180420,MONSANTO,-0.909090909
749344130,20180420,MONSANTO,-0.909090909
749344124,20180420,MONSANTO,-0.909090909
749344128,20180420,MONSANTO,-0.909090909
749388822,20180420,STARBUCKS,-0.903614458
749330374,20180420,BOEING,-0.89047195
749330375,20180420,BOEING,-0.89047195
749324709,20180420,MICROSOFT,-0.882352941
749234601,20180420,SOUTHWEST AIRLINES,-0.877192982
749234594,20180420,SOUTHWEST AIRLINES,-0.877192982
749420461,20180420,BRISTOL MYERS SQUIBB,-0.877192982
749420460,20180420,BRISTOL MYERS SQUIBB,-0.877192982
749250463,20180420,STARBUCKS,-0.862068966
749227182,20180420,MICROSOFT,-0.857142857
749396708,20180420,BLACKROCK,-0.847457627
749495724,20180420,VERIZON,-0.833333333
749346207,20180420,SOUTHWEST AIRLINES,-0.833333333
749493021,20180420,LOCKHEED MARTIN,-0.819672131
749330381,20180420,MOTOROLA,-0.808625337
749330383,20180420,MOTOROLA,-0.808625337
749256055,20180420,MICROSOFT,-0.808625337
749349841,20180420,RAYTHEON,-0.806451613
749349842,20180420,RAYTHEON,-0.806451613
749253341,20180420,DISNEY,-0.803212851
749253343,20180420,COMCAST,-0.803212851
749234592,20180420,SOUTHWEST AIRLINES,-0.8
749344135,20180420,GOOGLE,-0.8
749234593,20180420,SOUTHWEST AIRLINES,-0.8
749290298,20180420,GOOGLE,-0.792751982
749284268,20180420,MATTEL,-0.787401575
749220223,20180420,MATTEL,-0.78125
749426112,20180420,QUALCOMM,-0.78125
749267339,20180420,BOEING,-0.770218228
749267338,20180420,BOEING,-0.770218228
749472725,20180420,STARBUCKS,-0.769230769
749237918,20180420,GOOGLE,-0.763636364
749237920,20180420,GOOGLE,-0.763636364
749412627,20180420,BLACKROCK,-0.763105508
749435546,20180420,MORGAN STANLEY,-0.751879699
749314043,20180420,BOEING,-0.749625187
749314042,20180420,BOEING,-0.749625187
749217975,20180420,CAMPBELL SOUP COMPANY,-0.735294118
749400602,20180420,SIMON PROPERTY GROUP INC,-0.734394125
749344122,20180420,MONSANTO,-0.732655502
749303554,20180420,COSTCO,-0.71942446
749217986,20180420,COMCAST,-0.716845878
749217985,20180420,COMCAST,-0.716845878
749239291,20180420,BOEING,-0.713266762
749408863,20180420,MATTEL,-0.709219858
749376034,20180420,SOUTHWEST AIRLINES,-0.707213579
749485616,20180420,MATTEL,-0.682593857
749212526,20180420,MATTEL,-0.671148497
749476338,20180420,NETFLIX,-0.67114094
749410834,20180420,QUALCOMM,-0.67114094
749244270,20180420,ALLIANCE RESOURCE PARTNERS,-0.666666667
749244269,20180420,ALLIANCE RESOURCE PARTNERS,-0.666666667
749369118,20180420,GOOGLE,-0.660066007
749369122,20180420,GOOGLE,-0.660066007
749369121,20180420,GOOGLE,-0.660066007
749435548,20180420,DISNEY,-0.644641418
749435549,20180420,DISNEY,-0.644641418
749373540,20180420,STARBUCKS,-0.636132316
749420459,20180420,MONSANTO,-0.629590766
749502449,20180420,MATTEL,-0.626732999
749495733,20180420,GOOGLE,-0.602409639
749495732,20180420,GOOGLE,-0.602409639
749258908,20180420,BANK OF AMERICA,-0.597609562
749258912,20180420,BANK OF AMERICA,-0.597609562
749427885,20180420,VERIZON,-0.597014925
749288862,20180420,WHITING PETROLEUM,-0.595238095
749288869,20180420,EXXON,-0.590938936
749439688,20180420,GOOGLE,-0.582072177
749244267,20180420,MATTEL,-0.571428571
749244268,20180420,MATTEL,-0.571428571
749477929,20180420,BOEING,-0.563380282
749477928,20180420,BOEING,-0.563380282
749472728,20180420,COMCAST,-0.561167228
749472735,20180420,COMCAST,-0.561167228
749472733,20180420,COMCAST,-0.561167228
749472732,20180420,COMCAST,-0.561167228
749472736,20180420,COMCAST,-0.561167228
749454622,20180420,SOUTHWEST AIRLINES,-0.534759358
749454621,20180420,SOUTHWEST AIRLINES,-0.534759358
749454620,20180420,SOUTHWEST AIRLINES,-0.534759358
749435557,20180420,GOOGLE,-0.525131283
749236064,20180420,SOUTHWEST AIRLINES,-0.511945392
749392712,20180420,SOUTHWEST AIRLINES,-0.495049505
749392715,20180420,SOUTHWEST AIRLINES,-0.495049505
749251827,20180420,LOCKHEED MARTIN,-0.494641385
749388826,20180420,BRISTOL MYERS SQUIBB,-0.483091787
749392711,20180420,WELLS FARGO,-0.480769231
749435552,20180420,STARBUCKS,-0.442477876
749344121,20180420,MONSANTO,-0.438596491
749344129,20180420,MONSANTO,-0.438596491
749344126,20180420,MONSANTO,-0.438596491
749344131,20180420,MONSANTO,-0.438596491
749344133,20180420,MONSANTO,-0.438596491
749344132,20180420,MONSANTO,-0.438596491
749344125,20180420,MONSANTO,-0.438596491
749344134,20180420,MONSANTO,-0.438596491
749344123,20180420,MONSANTO,-0.438596491
749301644,20180420,ALLIANCE RESOURCE PARTNERS,-0.430416069
749301645,20180420,ALLIANCE RESOURCE PARTNERS,-0.430416069
749443652,20180420,BOEING,-0.421052632
749498710,20180420,GOOGLE,-0.41025641
749212533,20180420,GENERAL ELECTRIC,-0.405679513
749212521,20180420,GENERAL ELECTRIC,-0.405679513
749338472,20180420,GOOGLE,-0.4
749485634,20180420,PFIZER,-0.386100386
749472720,20180420,ROYAL CARIBBEAN,-0.386100386
749447241,20180420,BLACKROCK,-0.385524514
749282631,20180420,BUFFALO WILD WINGS,-0.38277512
749429513,20180420,NETFLIX,-0.373134328
749463599,20180420,MICROSOFT,-0.37037037
749256056,20180420,NETFLIX,-0.37037037
749376033,20180420,GENERAL ELECTRIC,-0.36101083
749447243,20180420,BLACKROCK,-0.360320725
749346210,20180420,GOOGLE,-0.337837838
749222801,20180420,COMCAST,-0.309917355
749476334,20180420,MERRILL LYNCH,-0.282885431
749441488,20180420,GOOGLE,-0.273224044
751131426,20180420,SOUTHWEST AIRLINES,-0.248756219
749256054,20180420,PROTALIX BIOTHERAPEUTICS,-0.235294118
749447242,20180420,BLACKROCK,-0.234301781
749272271,20180420,BON TON STORES,-0.228832952
749272272,20180420,BON TON STORES,-0.228832952
749488119,20180420,SUNTRUST BANKS,-0.22172949
749269633,20180420,MICROSOFT,-0.213675214
749269634,20180420,MICROSOFT,-0.213675214
749495717,20180420,JETBLUE,-0.212992545
749495722,20180420,JETBLUE,-0.212992545
749495723,20180420,JETBLUE,-0.212992545
749495719,20180420,JETBLUE,-0.212992545
749495720,20180420,JETBLUE,-0.212992545
749495721,20180420,JETBLUE,-0.212992545
749222775,20180420,WELLS FARGO,-0.19047619
749222766,20180420,WELLS FARGO,-0.19047619
749467012,20180420,NETFLIX,-0.183150183
749467020,20180420,NETFLIX,-0.183150183
749357853,20180420,BOEING,-0.18115942
749357854,20180420,BOEING,-0.18115942
749384769,20180420,GOOGLE,-0.175438596
749384749,20180420,MICROSOFT,-0.175438596
749384770,20180420,GOOGLE,-0.175438596
749445520,20180420,GOOGLE,-0.124223602
749272270,20180420,GRAPHIC PACKAGING HOLDING COMPANY,-0.119617225
749272282,20180420,MOTOROLA,-0.109769484
749479632,20180420,INTERNATIONAL GAME TECHNOLOGY,-0.104166667
749227199,20180420,GOOGLE,-0.094250707
749472724,20180420,STARBUCKS,0
749266123,20180420,BOEING,0
749330377,20180420,PIMCO,0
749482024,20180420,MATTEL,0
749258914,20180420,QUALCOMM,0
749467021,20180420,BOEING,0
749488127,20180420,VERIZON,0
749398617,20180420,BOEING,0
749433518,20180420,BOEING,0
749482023,20180420,MATTEL,0
749482022,20180420,MATTEL,0
749330378,20180420,PIMCO,0
749247288,20180420,GOOGLE,0
749416450,20180420,WELLS FARGO,0
749301647,20180420,GOOGLE,0
749346203,20180420,HONEYWELL INTERNATIONAL INC,0
749493017,20180420,KEYCORP,0
749371443,20180420,QUALCOMM,0
749326758,20180420,GOOGLE,0
749493016,20180420,KEYCORP,0
749435538,20180420,RAYTHEON,0
749244275,20180420,GOOGLE,0
749247287,20180420,GOOGLE,0
749482019,20180420,MATTEL,0
749467022,20180420,BOEING,0
749433517,20180420,BOEING,0
749482018,20180420,MATTEL,0
749482017,20180420,MATTEL,0
749247286,20180420,GOOGLE,0
749373547,20180420,COMCAST,0
749416452,20180420,WELLS FARGO,0
749416451,20180420,WELLS FARGO,0
749247289,20180420,GOOGLE,0
749247277,20180420,STARBUCKS,0
749268309,20180420,NETFLIX,0.037521094
749424191,20180420,GOOGLE,0.079113924
749365270,20180420,VERIZON,0.089445438
749369115,20180420,NETFLIX,0.097465887
749369116,20180420,NETFLIX,0.097465887
749318188,20180420,GOLDMAN SACHS,0.098425197
749412632,20180420,GOOGLE,0.118343195
749388824,20180420,TELEDYNE TECHNOLOGIES,0.12345679
749388823,20180420,TELEDYNE TECHNOLOGIES,0.12345679
749467033,20180420,GOOGLE,0.129701686
749261865,20180420,STARBUCKS,0.155520995
749237914,20180420,EXXON,0.163132137
749237915,20180420,EXXON,0.163132137
749237917,20180420,EXXON,0.163132137
749429514,20180420,MICROSOFT,0.177619893
749439682,20180420,ALEXION PHARMACEUTICAL,0.185988841
749439681,20180420,ALEXION PHARMACEUTICAL,0.185988841
749439683,20180420,ALEXION PHARMACEUTICAL,0.185988841
749467016,20180420,KRISPY KREME,0.187265918
749264692,20180420,MOTOROLA,0.187265918
749264691,20180420,MOTOROLA,0.187265918
749408868,20180420,GOOGLE,0.188679245
749398618,20180420,BOEING,0.19379845
749230906,20180420,ABBOTT LABORATORIES,0.198216056
749476346,20180420,GOOGLE,0.210084034
749269631,20180420,MATTEL,0.240963855
749269632,20180420,MATTEL,0.240963855
749386848,20180420,NETFLIX,0.244498778
749347862,20180420,GOOGLE,0.245499182
749347864,20180420,GOOGLE,0.245499182
749450947,20180420,GOOGLE,0.250626566
749234608,20180420,MOTOROLA,0.258397933
749424183,20180420,COSTCO,0.264900662
749298642,20180420,NETFLIX,0.266666667
749298640,20180420,NETFLIX,0.266666667
749298644,20180420,NETFLIX,0.266666667
749298645,20180420,NETFLIX,0.266666667
749298643,20180420,NETFLIX,0.266666667
749298646,20180420,NETFLIX,0.266666667
749298641,20180420,NETFLIX,0.266666667
749384772,20180420,GOOGLE,0.27100271
749495718,20180420,BOEING,0.273972603
749450934,20180420,CONOCOPHILLIPS,0.280636109
749396714,20180420,OMEROS CORPORATION,0.286768391
749431638,20180420,GOOGLE,0.294117647
749386847,20180420,NETFLIX,0.309597523
749479630,20180420,MATTEL,0.318471338
749322406,20180420,MICROSOFT,0.322061192
749502450,20180420,BOEING,0.344827586
749230897,20180420,BOEING,0.355871886
749450944,20180420,NETFLIX,0.364963504
749450937,20180420,NETFLIX,0.364963504
749230899,20180420,MARINEMAX INC,0.37037037
749230900,20180420,MARINEMAX INC,0.37037037
749365271,20180420,GOOGLE,0.387365912
749365272,20180420,GOOGLE,0.387365912
749365273,20180420,GOOGLE,0.387365912
749365274,20180420,GOOGLE,0.387365912
749376029,20180420,TEXTRON,0.392156863
749396719,20180420,GOOGLE,0.394632991
749396713,20180420,MATTEL,0.394632991
749396720,20180420,GOOGLE,0.394632991
749288873,20180420,BRISTOL MYERS SQUIBB,0.405405405
749288874,20180420,BRISTOL MYERS SQUIBB,0.405405405
749498703,20180420,MICROSOFT,0.414937759
749498704,20180420,MICROSOFT,0.414937759
749424174,20180420,LOCKHEED MARTIN,0.428265525
749369108,20180420,BLACKROCK,0.444938821
749404759,20180420,NETFLIX,0.448717949
749456449,20180420,EXXON MOBIL,0.45045045
749227196,20180420,GOOGLE,0.452488688
749227197,20180420,GOOGLE,0.452488688
749330372,20180420,CITIGROUP,0.453001133
749472719,20180420,ROYAL CARIBBEAN,0.458715596
749420467,20180420,GOOGLE,0.459770115
749439679,20180420,SOUTHWEST AIRLINES,0.460829493
749237916,20180420,SANDRIDGE ENERGY,0.464037123
749222799,20180420,GOOGLE,0.474383302
749222798,20180420,GOOGLE,0.474383302
749261864,20180420,KANSAS CITY SOUTHERN,0.476758045
749342176,20180420,GOOGLE,0.497512438
749443669,20180420,GOOGLE,0.497512438
749224991,20180420,NETFLIX,0.5
749349837,20180420,DISNEY,0.527983105
749349834,20180420,DISNEY,0.527983105
749244265,20180420,EASTGROUP PROPERTIES,0.542495479
749380337,20180420,PRIMERICA,0.546448087
749369113,20180420,SIGMA ALDRICH,0.548696845
749404761,20180420,COCA COLA,0.552535045
749322420,20180420,GOOGLE,0.553250346
749472726,20180420,STARBUCKS,0.555555556
749472723,20180420,STARBUCKS,0.555555556
749237911,20180420,KEYCORP,0.578871201
749217977,20180420,NVIDIA,0.580270793
749250484,20180420,QUEST DIAGNOSTICS INCORPORATED,0.589622642
749250483,20180420,QUEST DIAGNOSTICS INCORPORATED,0.589622642
749491200,20180420,VERIZON,0.598802395
749491199,20180420,VERIZON,0.598802395
749241166,20180420,GOOGLE,0.601202405
749241165,20180420,GOOGLE,0.601202405
749272275,20180420,MICROSOFT,0.607902736
749272285,20180420,GOOGLE,0.607902736
749459898,20180420,GOOGLE,0.613496933
749459899,20180420,GOOGLE,0.613496933
749394822,20180420,GOOGLE,0.628930818
749230913,20180420,GOOGLE,0.636642301
749230916,20180420,GOOGLE,0.636642301
749230931,20180420,GOOGLE,0.636642301
749230929,20180420,GOOGLE,0.636642301
749230915,20180420,GOOGLE,0.636642301
749230912,20180420,GOOGLE,0.636642301
749230917,20180420,GOOGLE,0.636642301
749230908,20180420,GOOGLE,0.636642301
749230918,20180420,GOOGLE,0.636642301
749230926,20180420,GOOGLE,0.636642301
749230928,20180420,GOOGLE,0.636642301
749230921,20180420,GOOGLE,0.636642301
749230930,20180420,GOOGLE,0.636642301
749488117,20180420,WELLS FARGO,0.641025641
749488116,20180420,WELLS FARGO,0.641025641
749488123,20180420,WELLS FARGO,0.641025641
749278921,20180420,NETFLIX,0.64516129
749264690,20180420,GOOGLE,0.663716814
749234590,20180420,SOUTHWEST AIRLINES,0.675675676
749234591,20180420,SOUTHWEST AIRLINES,0.675675676
749222792,20180420,STARBUCKS,0.69047619
749290297,20180420,GOOGLE,0.695249131
749371440,20180420,MONSANTO,0.704225352
749371442,20180420,MONSANTO,0.704225352
749371441,20180420,MONSANTO,0.704225352
749371439,20180420,MONSANTO,0.704225352
749408871,20180420,GOOGLE,0.712656784
749408869,20180420,GOOGLE,0.712656784
749408870,20180420,GOOGLE,0.712656784
749334584,20180420,CIENA CORPORATION,0.713557594
749334585,20180420,CIENA CORPORATION,0.713557594
749232602,20180420,QUALCOMM,0.716845878
749361653,20180420,GOOGLE,0.726392252
749361650,20180420,GOOGLE,0.726392252
749361652,20180420,GOOGLE,0.726392252
749301642,20180420,EASTGROUP PROPERTIES,0.726744186
749245450,20180420,GOOGLE,0.731261426
749344118,20180420,MICROSOFT,0.740740741
749491183,20180420,COSTCO,0.74819187
749491185,20180420,DISNEY,0.74819187
749491184,20180420,COSTCO,0.74819187
749250461,20180420,NEUBERGER BERMAN,0.752823087
749250481,20180420,NEUBERGER BERMAN,0.752823087
749400606,20180420,COCA COLA,0.754609929
749400607,20180420,COCA COLA,0.754609929
749400605,20180420,COCA COLA,0.754609929
749342170,20180420,NETFLIX,0.766283525
749456451,20180420,GOOGLE,0.769230769
749456452,20180420,GOOGLE,0.769230769
749349843,20180420,QUALCOMM,0.775193798
749488114,20180420,ROYAL CARIBBEAN,0.777604977
749488113,20180420,ROYAL CARIBBEAN,0.777604977
749498707,20180420,GOOGLE,0.785340314
749498711,20180420,GOOGLE,0.785340314
749357860,20180420,GOOGLE,0.785340314
749400601,20180420,STARBUCKS,0.787401575
749404762,20180420,VERIZON,0.793650794
749278922,20180420,LOCKHEED MARTIN,0.793650794
749282635,20180420,GOOGLE,0.796484482
749282634,20180420,GOOGLE,0.796484482
749282633,20180420,GOOGLE,0.796484482
749282636,20180420,GOOGLE,0.796484482
749282637,20180420,GOOGLE,0.796484482
749301640,20180420,CITIGROUP,0.81300813
749291906,20180420,GOOGLE,0.824742268
749244277,20180420,QUALCOMM,0.826446281
749244271,20180420,NVIDIA,0.826446281
749373554,20180420,DIRECTV,0.829493088
749373549,20180420,DIRECTV,0.829493088
749373553,20180420,DIRECTV,0.829493088
749373548,20180420,DIRECTV,0.829493088
749408866,20180420,RAYTHEON,0.836820084
749298655,20180420,GOOGLE,0.837520938
749307586,20180420,LA Z BOY,0.840336134
749454626,20180420,WALGREEN,0.840336134
749416453,20180420,GENERAL MILLS,0.845771144
749227183,20180420,NETFLIX,0.847457627
749272283,20180420,GOOGLE,0.848896435
749418274,20180420,MOTOROLA,0.862068966
749326757,20180420,BOEING,0.862068966
749420463,20180420,ABRAXIS BIOSCIENCE,0.862998921
749420462,20180420,ABRAXIS BIOSCIENCE,0.862998921
749351887,20180420,DISNEY,0.865800866
749439687,20180420,MOTOROLA,0.888730892
749439684,20180420,MOTOROLA,0.888730892
749439691,20180420,GOOGLE,0.888730892
749439689,20180420,MOTOROLA,0.888730892
749465155,20180420,NETFLIX,0.896860987
749465154,20180420,NETFLIX,0.896860987
749392714,20180420,GENERAL MILLS,0.903471232
749392716,20180420,GENERAL MILLS,0.903471232
749392710,20180420,GENERAL MILLS,0.903471232
749392717,20180420,GENERAL MILLS,0.903471232
749392713,20180420,GENERAL MILLS,0.903471232
749454625,20180420,MONSANTO,0.914913083
749396717,20180420,GOOGLE,0.930851064
749291904,20180420,GOOGLE,0.936680405
749222768,20180420,ANHEUSER BUSCH,0.94637224
749424178,20180420,GENERAL MILLS,0.947867299
749501180,20180420,INTEL CORPORATION,0.952380952
749443654,20180420,MICROSOFT,0.963391137
749443655,20180420,MICROSOFT,0.963391137
749485612,20180420,ALAMO GROUP,0.9765625
749322408,20180420,DISNEY,0.99009901
749322417,20180420,DISNEY,0.99009901
749251825,20180420,NETFLIX,0.992555831
749251824,20180420,NETFLIX,0.992555831
749251823,20180420,NETFLIX,0.992555831
749251826,20180420,NETFLIX,0.992555831
749322409,20180420,NETFLIX,1.030927835
749322410,20180420,NETFLIX,1.030927835
749322407,20180420,NETFLIX,1.030927835
749322412,20180420,NETFLIX,1.030927835
749322416,20180420,NETFLIX,1.030927835
749467032,20180420,GOOGLE,1.077586207
749467031,20180420,GOOGLE,1.077586207
749467029,20180420,GOOGLE,1.077586207
749269635,20180420,GOOGLE,1.077752117
749264686,20180420,LOCKHEED MARTIN,1.083032491
749264685,20180420,LOCKHEED MARTIN,1.083032491
749307588,20180420,LOCKHEED MARTIN,1.083591331
749307589,20180420,LOCKHEED MARTIN,1.083591331
749237912,20180420,NVIDIA,1.086956522
749268308,20180420,NETFLIX,1.094890511
749267337,20180420,COSTCO,1.095890411
749300027,20180420,MOTOROLA,1.098901099
749384755,20180420,LOCKHEED MARTIN,1.102941176
749342172,20180420,CITIGROUP,1.103752759
749361648,20180420,GOOGLE,1.114206128
749427886,20180420,GOOGLE,1.115023474
749373550,20180420,GOOGLE,1.123595506
749312110,20180420,GENERAL ELECTRIC,1.127819549
749491195,20180420,GOOGLE,1.136363636
749491196,20180420,GOOGLE,1.136363636
749491198,20180420,GOOGLE,1.136363636
749491197,20180420,GOOGLE,1.136363636
749495730,20180420,GOOGLE,1.143674053
749495731,20180420,GOOGLE,1.143674053
749467024,20180420,SOUTHWEST AIRLINES,1.149425287
749439693,20180420,GOOGLE,1.150895141
749316152,20180420,GOOGLE,1.153846154
749349844,20180420,GOOGLE,1.157024793
749288871,20180420,COCA COLA,1.164021164
749288864,20180420,COCA COLA,1.164021164
749288863,20180420,COCA COLA,1.164021164
749288872,20180420,COCA COLA,1.164021164
749450941,20180420,DISNEY,1.164483261
749328483,20180420,GOOGLE,1.169590643
749494298,20180420,VERIZON,1.171875
749491187,20180420,ARCHER DANIELS MIDLAND,1.176470588
749207490,20180420,ISHARES,1.179245283
749485622,20180420,INVESCO,1.179941003
749384771,20180420,GOOGLE,1.185770751
749392708,20180420,MICROSOFT,1.19047619
749384768,20180420,NEWS CORP,1.194029851
749384773,20180420,NEWS CORP,1.194029851
749450948,20180420,GOOGLE,1.199040767
749295112,20180420,LOCKHEED MARTIN,1.208474333
749476333,20180420,WELLS FARGO,1.219512195
749256059,20180420,BOEING,1.219512195
749384754,20180420,LOCKHEED MARTIN,1.219512195
749476337,20180420,WELLS FARGO,1.219512195
749476343,20180420,WELLS FARGO,1.219512195
749384759,20180420,DISNEY,1.22090805
749384758,20180420,DISNEY,1.22090805
749330376,20180420,LOCKHEED MARTIN,1.243781095
749454617,20180420,SOUTHWEST AIRLINES,1.298701299
749454624,20180420,BOEING,1.298701299
749454623,20180420,BOEING,1.298701299
749443647,20180420,WELLS FARGO,1.328021248
749376031,20180420,BLACKROCK,1.333333333
749367101,20180420,BOEING,1.333333333
749242719,20180420,DISNEY,1.339285714
749242721,20180420,DISNEY,1.339285714
749242720,20180420,DISNEY,1.339285714
749384765,20180420,QUALCOMM,1.340482574
749316149,20180420,NETFLIX,1.342281879
749326749,20180420,LITHIA MOTORS,1.355932203
749326750,20180420,LITHIA MOTORS,1.355932203
749222776,20180420,DISNEY,1.361386139
749459890,20180420,WELLS FARGO,1.395348837
749456450,20180420,GOOGLE,1.397205589
749220227,20180420,GOOGLE,1.408450704
749220224,20180420,GOOGLE,1.408450704
749220225,20180420,GOOGLE,1.408450704
749220226,20180420,GOOGLE,1.408450704
749437585,20180420,FRANKLIN TEMPLETON,1.433691756
749344119,20180420,MICROSOFT,1.438848921
749388827,20180420,WALGREEN,1.440249124
749388825,20180420,WALGREEN,1.440249124
749388821,20180420,MORGAN STANLEY,1.440249124
749277665,20180420,NVIDIA,1.447368421
749244276,20180420,GOOGLE,1.451612903
749369114,20180420,LOCKHEED MARTIN,1.453488372
749495727,20180420,GOOGLE,1.457321305
749495725,20180420,GOOGLE,1.457321305
749207500,20180420,GOLDMAN SACHS,1.464713715
749322422,20180420,GOOGLE,1.474926254
749245448,20180420,MATTEL,1.47601476
749245449,20180420,MATTEL,1.47601476
749272269,20180420,SOUTHWEST AIRLINES,1.479289941
749272279,20180420,SOUTHWEST AIRLINES,1.479289941
749264687,20180420,XEROX,1.484230056
749396718,20180420,GOOGLE,1.489361702
749416448,20180420,UNION CARBIDE,1.492537313
749400609,20180420,GOOGLE,1.503759398
749322421,20180420,GOOGLE,1.503759398
749316151,20180420,LOCKHEED MARTIN,1.506024096
749354056,20180420,GOOGLE,1.52027027
749298656,20180420,GOOGLE,1.527498073
749222772,20180420,MICROSOFT,1.542950514
749482027,20180420,GOOGLE,1.544401544
749357858,20180420,GOOGLE,1.54494382
749314041,20180420,WELLS FARGO,1.555209953
749222782,20180420,FORD MOTOR,1.555869873
749212523,20180420,BLACKROCK,1.555869873
749222781,20180420,FORD MOTOR,1.555869873
749207517,20180420,EXXON,1.558203483
749207516,20180420,EXXON,1.558203483
749450935,20180420,GENERAL ELECTRIC,1.5625
749297367,20180420,QUALCOMM,1.570680628
749297368,20180420,QUALCOMM,1.570680628
749297369,20180420,QUALCOMM,1.570680628
749400600,20180420,NETFLIX,1.587301587
749400599,20180420,NETFLIX,1.587301587
749396715,20180420,PFIZER,1.591895803
749467019,20180420,FORD MOTOR,1.612903226
749291901,20180420,GENERAL ELECTRIC,1.621621622
749291899,20180420,GENERAL ELECTRIC,1.621621622
749485614,20180420,ROYAL CARIBBEAN,1.62601626
749307591,20180420,GOOGLE,1.642335766
749258909,20180420,MICROSOFT,1.662707838
749268311,20180420,BOEING,1.663585952
749268310,20180420,BOEING,1.663585952
749247283,20180420,GOOGLE,1.670644391
749424188,20180420,LOCKHEED MARTIN,1.672240803
749424187,20180420,LOCKHEED MARTIN,1.672240803
749261867,20180420,FORD MOTOR,1.673640167
749443656,20180420,ARTHUR J. GALLAGHER,1.710115416
749253340,20180420,DISNEY,1.728395062
749488122,20180420,ROYAL CARIBBEAN,1.739130435
749488121,20180420,ROYAL CARIBBEAN,1.739130435
749342177,20180420,GOOGLE,1.744186047
749382696,20180420,GOOGLE,1.74563591
749288868,20180420,EMPIRE DISTRICT ELECTRIC CO,1.754385965
749439692,20180420,GOOGLE,1.7578125
749217983,20180420,SOUTHWEST AIRLINES,1.781170483
749354055,20180420,GOOGLE,1.806451613
749354054,20180420,GOOGLE,1.806451613
749280512,20180420,GOOGLE,1.807228916
749230914,20180420,GOOGLE,1.818181818
749230919,20180420,GOOGLE,1.818181818
749322414,20180420,RAYTHEON,1.818181818
749322413,20180420,RAYTHEON,1.818181818
749346211,20180420,GOOGLE,1.820728291
749404765,20180420,GOOGLE,1.829268293
749404766,20180420,GOOGLE,1.829268293
749212519,20180420,MORGAN STANLEY,1.836969001
749258913,20180420,GOOGLE,1.867219917
749418275,20180420,QUALCOMM,1.880877743
749485610,20180420,NETFLIX,1.886792453
749485613,20180420,NETFLIX,1.886792453
749314044,20180420,HEWLETT PACKARD,1.886792453
749485611,20180420,NETFLIX,1.886792453
749485624,20180420,NETFLIX,1.886792453
749227190,20180420,GENERAL ELECTRIC,1.904761905
749346199,20180420,MICROSOFT,1.910408432
749408872,20180420,GOOGLE,1.910828025
749293553,20180420,GOOGLE,1.916932907
749287331,20180420,GOOGLE,1.916932907
749408861,20180420,INVESCO,1.917808219
749232598,20180420,NETFLIX,1.923076923
749508204,20180420,GOOGLE,1.926782274
749508207,20180420,GOOGLE,1.926782274
749508206,20180420,GOOGLE,1.926782274
749508205,20180420,GOOGLE,1.926782274
749288876,20180420,GOOGLE,1.935483871
749338467,20180420,MICROSOFT,1.943844492
749338466,20180420,MICROSOFT,1.943844492
749498709,20180420,GOOGLE,1.949860724
749498708,20180420,GOOGLE,1.949860724
749435559,20180420,GOOGLE,1.952861953
749435558,20180420,GOOGLE,1.952861953
749435562,20180420,GOOGLE,1.952861953
749435560,20180420,GOOGLE,1.952861953
749435561,20180420,GOOGLE,1.952861953
749408867,20180420,NETFLIX,1.953125
749300025,20180420,GOOGLE,1.954397394
749300026,20180420,GOOGLE,1.954397394
749300028,20180420,GOOGLE,1.954397394
749489557,20180420,GOOGLE,1.956947162
749499843,20180420,MICROSOFT,1.960784314
749499844,20180420,GOOGLE,1.960784314
749320388,20180420,GOOGLE,1.993355482
749291903,20180420,GOOGLE,2
749408860,20180420,NETFLIX,2
749431634,20180420,NORTHROP GRUMMAN,2.010050251
749424176,20180420,DISNEY,2.015503876
749424182,20180420,NETFLIX,2.015503876
749424180,20180420,NETFLIX,2.015503876
749439685,20180420,GOOGLE,2.046783626
749470494,20180420,MICROSOFT,2.049780381
749454628,20180420,VERIZON,2.073365231
749282627,20180420,BANK OF AMERICA,2.073940487
749282630,20180420,BANK OF AMERICA,2.073940487
749301646,20180420,GOOGLE,2.104032729
749301641,20180420,MARTIN MARIETTA MATERIALS,2.106318957
749485620,20180420,ROYAL CARIBBEAN,2.109704641
749485621,20180420,ROYAL CARIBBEAN,2.109704641
749450942,20180420,NETFLIX,2.111584086
749361649,20180420,GOOGLE,2.160493827
749272267,20180420,METLIFE,2.166064982
749349836,20180420,HEWLETT PACKARD,2.173913043
749454618,20180420,PEPSICO,2.182952183
749454619,20180420,PEPSICO,2.182952183
749491186,20180420,MICROSOFT,2.188552189
749450940,20180420,NETFLIX,2.197802198
749272274,20180420,FORD MOTOR,2.209944751
749272280,20180420,FORD MOTOR,2.209944751
749234598,20180420,DISNEY,2.21402214
749234599,20180420,DISNEY,2.21402214
749230894,20180420,MATTEL,2.215189873
749295113,20180420,BOEING,2.222222222
749354051,20180420,MICROSOFT,2.222222222
749392704,20180420,INVESCO,2.226720648
749392706,20180420,INVESCO,2.226720648
749392709,20180420,INVESCO,2.226720648
749369107,20180420,BOEING,2.233808635
749493020,20180420,WELLS FARGO,2.23880597
749380333,20180420,METLIFE,2.240896359
749482025,20180420,RAYTHEON,2.259887006
749463600,20180420,COSTCO,2.267002519
749305384,20180420,AMERISOURCEBERGEN,2.27014756
749316150,20180420,NETFLIX,2.273550322
749404764,20180420,GOOGLE,2.321428571
749404763,20180420,GOOGLE,2.321428571
749435542,20180420,MORGAN STANLEY,2.335456476
749435554,20180420,MORGAN STANLEY,2.335456476
749427873,20180420,NETFLIX,2.337662338
749427879,20180420,NETFLIX,2.337662338
749373551,20180420,GOOGLE,2.34375
749227181,20180420,RAIT FINANCIAL TRUST,2.34741784
749324710,20180420,GOOGLE,2.354788069
749207522,20180420,VERIZON,2.356020942
749248817,20180420,MICROSOFT,2.366863905
749384752,20180420,SUNPOWER CORPORATION,2.37388724
749384753,20180420,SUNPOWER CORPORATION,2.37388724
749384751,20180420,SUNPOWER CORPORATION,2.37388724
749488118,20180420,BANK OF AMERICA,2.380952381
749420458,20180420,WELLS FARGO,2.380952381
749420457,20180420,WELLS FARGO,2.380952381
749488125,20180420,BANK OF AMERICA,2.380952381
749272268,20180420,MICROSOFT,2.449888641
749272277,20180420,MICROSOFT,2.449888641
749459891,20180420,MICROSOFT,2.477183833
749373528,20180420,BOEING,2.527075812
749463592,20180420,ROCKWELL AUTOMATION,2.53164557
749463597,20180420,ROCKWELL AUTOMATION,2.53164557
749346200,20180420,GENERAL ELECTRIC,2.564102564
749346201,20180420,GENERAL ELECTRIC,2.564102564
749285908,20180420,PFIZER,2.564102564
749369120,20180420,MOTOROLA,2.575107296
749332758,20180420,GOOGLE,2.580645161
749380338,20180420,RAYTHEON,2.591463415
749288870,20180420,REGAL BELOIT,2.635658915
749470503,20180420,GOOGLE,2.636916836
749470505,20180420,GOOGLE,2.636916836
749443653,20180420,NETFLIX,2.640264026
749450936,20180420,PEPSICO,2.664974619
749384756,20180420,PEPSICO,2.708803612
749384760,20180420,PEPSICO,2.708803612
749384761,20180420,PEPSICO,2.708803612
749384750,20180420,PEPSICO,2.708803612
749384762,20180420,PEPSICO,2.708803612
749384757,20180420,PEPSICO,2.708803612
749474583,20180420,GOOGLE,2.72479564
749247284,20180420,GOOGLE,2.729528536
749443650,20180420,INVESCO,2.755905512
749450939,20180420,COCA COLA,2.759526938
749450938,20180420,COCA COLA,2.759526938
749450932,20180420,COCA COLA,2.759526938
749298657,20180420,GOOGLE,2.787456446
749420465,20180420,GOOGLE,2.796725784
749420466,20180420,GOOGLE,2.796725784
749467026,20180420,ABIOMED,2.803738318
749467027,20180420,ABIOMED,2.803738318
749347863,20180420,GOOGLE,2.824133504
749215339,20180420,MATTEL,2.88184438
749215340,20180420,MATTEL,2.88184438
749443659,20180420,WELLS FARGO,2.882205514
749443663,20180420,WELLS FARGO,2.882205514
749443662,20180420,WELLS FARGO,2.882205514
749443660,20180420,WELLS FARGO,2.882205514
749443657,20180420,WELLS FARGO,2.882205514
749485629,20180420,LADENBURG THALMANN,2.885482417
749244274,20180420,BON TON STORES,2.904564315
749408864,20180420,METLIFE,2.919708029
749227184,20180420,NETFLIX,2.941176471
749482016,20180420,DISNEY,2.950819672
749482026,20180420,DISNEY,2.950819672
749424175,20180420,INVESCO,2.992957746
749424181,20180420,INVESCO,2.992957746
749424186,20180420,INVESCO,2.992957746
749447240,20180420,GENERAL MILLS,3.004291845
749275114,20180420,OCWEN FINANCIAL CORPORATION,3.142857143
749431630,20180420,TD AMERITRADE,3.142857143
749301649,20180420,GOOGLE,3.158559697
749376032,20180420,NETFLIX,3.169014085
749380330,20180420,NETFLIX,3.206650831
749380334,20180420,NETFLIX,3.206650831
749435543,20180420,STARBUCKS,3.229813665
749435547,20180420,STARBUCKS,3.229813665
749476336,20180420,MERRILL LYNCH,3.237410072
749373531,20180420,COSTCO,3.243243243
749285911,20180420,GOOGLE,3.255813953
749450946,20180420,GOOGLE,3.285714286
749493019,20180420,MICROSOFT,3.303303303
749376030,20180420,BOEING,3.313253012
749497094,20180420,INVESCO,3.333333333
749282626,20180420,NETFLIX,3.344481605
749282632,20180420,NETFLIX,3.344481605
749369106,20180420,DISNEY,3.382663848
749369112,20180420,DISNEY,3.382663848
749224992,20180420,ANHEUSER BUSCH,3.396603397
749224995,20180420,ANHEUSER BUSCH,3.396603397
749224997,20180420,ANHEUSER BUSCH,3.396603397
749224994,20180420,ANHEUSER BUSCH,3.396603397
749224993,20180420,ANHEUSER BUSCH,3.396603397
749224996,20180420,ANHEUSER BUSCH,3.396603397
749207504,20180420,NETFLIX,3.397027601
749412630,20180420,LOCKHEED MARTIN,3.417533432
749412631,20180420,LOCKHEED MARTIN,3.417533432
749291905,20180420,GOOGLE,3.428571429
749307590,20180420,LOCKHEED MARTIN,3.448275862
749232599,20180420,ANHEUSER BUSCH,3.480589023
749232600,20180420,ANHEUSER BUSCH,3.480589023
749264683,20180420,MICROSOFT,3.486055777
749369110,20180420,LOCKHEED MARTIN,3.50877193
749338459,20180420,MERRILL LYNCH,3.513513514
749386849,20180420,EDISON INTERNATIONAL,3.564356436
749435540,20180420,DISNEY,3.604531411
749361651,20180420,GOOGLE,3.632478632
749280506,20180420,STARBUCKS,3.6900369
749378299,20180420,DREAMWORKS ANIMATION,3.6900369
749373543,20180420,GOOGLE,3.691813804
749309809,20180420,COCA COLA,3.738317757
749420456,20180420,NETFLIX,3.740648379
749247279,20180420,LAMAR ADVERTISING COMPANY,3.759398496
749247274,20180420,LAMAR ADVERTISING COMPANY,3.759398496
749406667,20180420,NETFLIX,3.787878788
749406668,20180420,NETFLIX,3.787878788
749330379,20180420,GOOGLE,3.849443969
749229061,20180420,DREAMWORKS ANIMATION,3.873239437
749467013,20180420,TUPPERWARE,3.90625
749467023,20180420,TUPPERWARE,3.90625
749314040,20180420,WELLS FARGO,3.916768666
749222794,20180420,DREAMWORKS ANIMATION,3.928571429
749495716,20180420,TITAN INTERNATIONAL INC,4.035874439
749414518,20180420,BRISTOL MYERS SQUIBB,4.129263914
749447244,20180420,GENERAL MILLS,4.142011834
749467025,20180420,NETFLIX,4.184100418
749309811,20180420,DREAMWORKS ANIMATION,4.199711608
749215338,20180420,BOEING,4.219409283
749212537,20180420,DREAMWORKS ANIMATION,4.255319149
749234597,20180420,NETFLIX,4.255319149
749330373,20180420,BOEING,4.305283757
749414519,20180420,GOOGLE,4.335260116
749468640,20180420,MONSANTO,4.360465116
749354047,20180420,XEROX,4.38247012
749354052,20180420,XEROX,4.38247012
749470492,20180420,WELLS FARGO,4.403131115
749361644,20180420,GENERAL MILLS,4.44191344
749361645,20180420,GENERAL MILLS,4.44191344
749309812,20180420,DREAMWORKS ANIMATION,4.452054795
749293554,20180420,GOOGLE,4.487179487
749427872,20180420,XEROX,4.491725768
749427880,20180420,XEROX,4.491725768
749338462,20180420,SUNTRUST BANKS,4.516129032
749288878,20180420,GOOGLE,4.584775087
749288875,20180420,GOOGLE,4.584775087
749298654,20180420,PFIZER,4.630788486
749298653,20180420,PFIZER,4.630788486
749338461,20180420,GENERAL ELECTRIC,4.703832753
749282629,20180420,STARBUCKS,4.704097117
749369103,20180420,COCA COLA,4.733727811
749369111,20180420,COCA COLA,4.733727811
749463602,20180420,MGM RESORTS,4.761904762
749261866,20180420,FORD MOTOR,4.87804878
749427874,20180420,ROYAL CARIBBEAN,4.899135447
749291908,20180420,GOOGLE,4.901960784
749291907,20180420,GOOGLE,4.901960784
749338457,20180420,XCEL ENERGY,4.956268222
749338458,20180420,XCEL ENERGY,4.956268222
749338465,20180420,XCEL ENERGY,4.956268222
749318186,20180420,DISNEY,5.00736377
749250459,20180420,AFLAC,5.050505051
749234611,20180420,VERIZON,5.22696011
749261870,20180420,GOOGLE,5.240174672
749472730,20180420,MOTOROLA,5.263157895
749472734,20180420,MOTOROLA,5.263157895
749472731,20180420,MOTOROLA,5.263157895
749476335,20180420,HASBRO,5.294117647
749476339,20180420,HASBRO,5.294117647
749215341,20180420,GOOGLE,5.415860735
749498701,20180420,DISNEY,5.523255814
749498702,20180420,DISNEY,5.523255814
749285909,20180420,PFIZER,5.555555556
749498700,20180420,DISNEY,5.882352941
749354046,20180420,INVESCO,5.890603086
749338468,20180420,MONSANTO,6.024096386
749338469,20180420,MONSANTO,6.024096386
749357859,20180420,GOOGLE,6.08974359
749408859,20180420,BOEING,6.18556701
749408865,20180420,BOEING,6.18556701
749376027,20180420,BOEING,6.271186441
749376035,20180420,BOEING,6.271186441
749376036,20180420,BOEING,6.271186441
749376028,20180420,BOEING,6.271186441
749396710,20180420,STARBUCKS,6.425702811
749396711,20180420,STARBUCKS,6.425702811
749396709,20180420,STARBUCKS,6.425702811
749396712,20180420,STARBUCKS,6.425702811
749334587,20180420,DREAMWORKS ANIMATION,6.943078235
749334586,20180420,DREAMWORKS ANIMATION,6.943078235
749272284,20180420,GOOGLE,7.142857143
749212522,20180420,DISNEY,7.228915663
749369105,20180420,INVESCO,7.272727273
749369109,20180420,INVESCO,7.272727273
749369104,20180420,INVESCO,7.272727273
749408862,20180420,WHOLE FOODS MARKET,7.490636704
749400603,20180420,DISNEY,7.550077042
749322419,20180420,GOOGLE,8.150064683
749400604,20180420,WHOLE FOODS MARKET,8.384458078
749330388,20180420,GOOGLE,9.219858156
749330389,20180420,GOOGLE,9.219858156
749330371,20180420,MICROSOFT,12.44239631
